Type,Name,Request Count,Failure Count,Median Response Time,Average Response Time,Min Response Time,Max Response Time,Average Content Size,Requests/s,Failures/s,50%,66%,75%,80%,90%,95%,98%,99%,99.9%,99.99%,100%
GET,/ (Home),59,0,3,10.235198016945949,1.886920000004011,137.60770799999023,6602.0,1.9697786976972216,0.0,3,3,3,3,11,76,140,140,140,140,140
GET,/Churn_Risk,59,0,3,7.900800983052886,2.1342329999924914,138.38223199999788,6602.0,1.9697786976972216,0.0,3,3,4,4,4,40,78,140,140,140,140
GET,/Demand_Forecast,41,0,3,7.513426243901183,2.2614229999931013,134.93581000000177,6602.0,1.368829264501459,0.0,3,3,3,4,10,16,130,130,130,130,130
GET,/Inventory_Health,17,0,3,3.5191026470529856,2.3550300000181323,12.182307999978548,6602.0,0.5675633535737757,0.0,3,3,3,3,4,12,12,12,12,12,12
GET,/_stcore/health,116,0,2,3.9880525775860196,1.5382959999783452,133.2208460000004,2.0,3.8727852361504693,0.0,2,2,2,2,3,9,21,22,130,130,130
,Aggregated,292,0,3,6.508607058218352,1.5382959999783452,138.38223199999788,3980.082191780822,9.748735249620147,0.0,3,3,3,3,4,17,78,140,140,140,140
